Feature_1,Feature_2,Feature_3,Feature_4,Target
4.967141530112327,-1.3826430117118464,6.476885381006925,15.230298564080254,11.28639545016874
-2.3415337472333597,-2.3413695694918055,15.792128155073915,7.674347291529088,6.592636524597035
-4.694743859349521,5.425600435859646,-4.634176928124623,-4.657297535702568,-21.92870321531416
2.419622715660341,-19.13280244657798,-17.249178325130327,-5.622875292409727,15.443980033763879
-10.128311203344238,3.142473325952739,-9.08024075521211,-14.123037013352915,-38.60626596106979
14.65648768921554,-2.2577630048653567,0.6752820468792384,-14.247481862134567,43.005010128118165
-5.443827245251827,1.1092258970986608,-11.509935774223027,3.7569801834567196,-29.486689955939354
-6.006386899188049,-2.916937497932768,-6.017066122293969,18.522781845089376,-17.041192573392447
-0.13497224737933922,-10.577109289559004,8.22544912103189,-12.208436499710222,19.536937984407462
2.088635950047554,-19.596701238797756,-13.281860488984305,1.9686123586912352,20.68433714078249
7.384665799954105,1.713682811899705,-1.1564828238824052,-3.011036955892888,19.038133256944143
-14.785219903674275,-7.198442083947087,-4.606387709597875,10.571222262189156,-37.63323988531683
3.436182895684614,-17.63040155362734,3.24083969394795,-3.8508228041631654,24.669040005044597
-6.769220003059587,6.116762888408679,10.30999522495951,9.312801191161986,-9.626785184279228
-8.392175232226386,-3.092123758512146,3.3126343140356393,9.755451271223592,-12.95821205922492
-4.791742378452899,-1.8565897666381712,-11.063349740060282,-11.962066240806708,-22.344560700997434
8.12525822394198,13.562400285708229,-0.7201012158033384,10.03532897892024,11.217944121975023
3.6163602504763412,-6.451197546051243,3.6139560550841394,15.380365664659692,20.251875696983948
-0.35826039109951535,15.646436558140062,-26.197451040897445,8.219025043752238,-34.73284975991569
0.8704706823817122,-2.9900735046586746,0.917607765355023,-19.875689146008927,6.835943530879254
-2.1967188783751195,3.5711257151174642,14.778940447415161,-5.182702182736474,12.349743928263312
-8.084936028931876,-5.017570435845365,9.154021177020741,3.2875110965968446,1.9086656045173598
-5.297602037670388,5.132674331133561,0.9707754934804038,9.686449905328892,-19.87141463914729
-7.020530938773524,-3.2766214659776822,-3.921081531321576,-14.635149481321186,-11.898392058046076
2.9612027706457607,2.6105527217988933,0.051134566424608896,-2.345871333751469,7.538131061521154
-14.153707420504142,-4.20645322765359,-3.427145165267695,-8.02277269221619,-26.23508302262846
-1.6128571166600914,4.040508568145384,18.861859012105302,1.7457781283183895,1.3841168333590321
2.5755039072276436,-0.7444591576616721,-19.187712152990414,-0.2651387544921688,-4.587801665137021
0.6023020994102644,24.63242112485286,-1.9236096478112252,3.0154734233361244,-24.299915385298814
-0.3471176970524331,-11.68678037619532,11.428228145150205,7.519330326867742,13.505227292807895
7.910319470430469,-9.09387454794739,14.027943109360992,-14.018510627922808,35.994510057772956
5.868570938002703,21.904556258099785,-9.905363251306884,-5.662977296027719,-29.73449165455899
0.9965136508764122,-5.034756541161992,-15.506634310661326,0.6856297480602733,-5.219349644166429
-10.623037137261049,4.735924306351816,-9.19424234233803,15.499344050175395,-36.00838460566542
-7.832532923362371,-3.220615162056756,8.135172173696697,-12.308643164339552,-1.6966711145003206
2.274599346041294,13.071427542824281,-16.074832345612275,1.846338585323042,-22.488606660676847
2.5988279424842355,7.818228717773104,-12.36950710878082,-13.204566130842764,-4.637332564285332
5.219415656168977,2.9698467323318605,2.5049285034587654,3.464482094969757,4.588158573316764
-6.800247215784908,2.3225369716100355,2.9307247329868122,-7.143514180263678,-25.95999481578064
18.657745111447564,4.738329209117875,-11.913034972026486,6.565536086338297,31.15020125557318
-9.746816702273215,7.870846037424521,11.58595579007404,-8.206823183517105,-22.622965123836693
9.633761292443218,4.127809269364983,8.2206015999449,18.967929826539475,25.544039647355522
-2.453881160028705,-7.537361643574895,-8.895144296255232,-8.158102849654384,-14.543194864985457
-0.771017094141042,3.4115197481664388,2.7669079933001903,8.271832490360238,-4.253440236076121
0.13001891877907018,14.535340771573168,-2.6465683323795606,27.20169166589619,-25.756963797368037
6.256673477650062,-8.571575564162826,-10.708924980611123,4.824724152431853,20.70879713078184
-2.234627853258509,7.14000494092092,4.732376245735448,-0.7282891265687277,-8.535683335178776
-8.46793718068405,-15.148472246858645,-4.465149520670211,8.563987943234723,-11.263194803652695
2.1409374413020394,-12.457387787119881,1.73180925851182,3.8531737972883677,19.117321767924942
-8.83857436201133,1.537251059455279,0.582087184459999,-11.429702978306231,-28.771535038251418
3.577873603482833,5.607845263682344,10.83051243175277,10.53802052034903,10.566284151324627
-13.776693679570911,-9.378250399151227,5.150352672086598,5.137859509122088,-14.291839979770337
5.150476863060479,38.52731490654721,5.70890510693167,11.35565640180599,-33.71809187633784
9.540017634932024,6.51391251305798,-3.152692446403456,7.589692204932675,16.031427692126947
-7.728252145375718,-2.3681860674000887,-4.853635478291035,0.8187413938632255,-23.01300355705422
23.146585666735085,-18.67265192591748,6.8626019037451345,-16.127158711896517,81.79936383962308
-4.719318657894335,10.88950596967366,0.6428001909546277,-10.77744777929306,-24.886615455353315
-7.153037092599682,6.795977489346758,-7.303666317171366,2.164585895819749,-37.056910384549276
0.4557183990381378,-6.516003476058171,21.439440893253256,6.339190223180112,23.34180635673184
-20.25142586657607,1.8645431476942764,-6.61786464768388,8.524333347962239,-64.14969762476466
-7.925207384327006,-1.14736441466899,5.049872789804572,8.657551941701215,-4.572657266789125
-12.002964070557763,-3.345012358409484,-4.7494531116095615,-6.5332923257371185,-29.616640075732032
17.654542402810968,4.049817109609555,-12.608839543350452,9.17861947054776,25.69087630085266
21.22156197012633,10.324652605511469,-15.193699659540133,-4.8423407286625135,29.579261624741065
12.669111491866227,-7.076694656187808,4.438194281462284,7.746340534293368,43.15372749380661
-9.26930471578083,-0.5952535606180008,-32.41267340069073,-10.243876413342898,-49.493944234929174
-2.525681513931603,-12.477831819648495,16.32411303931635,-14.301413779606326,24.789318330419395
-4.4004448669698375,1.3074057728609134,14.412732890661156,-14.358621511794393,2.7477257679077605
11.631637521549596,0.10233061019587049,-9.81508651047951,4.621034742632707,18.4517221252027
1.9905969557347003,-6.002168771587947,0.6980208499001892,-3.853135968617602,9.858420391939038
1.1351734525124804,6.621306745210466,15.86016816145352,-12.378154988268491,6.205241580433238
21.330333746562665,-19.520877995225018,-1.5178509503558333,5.883172064845765,64.0270013767141
2.8099186773503266,-6.2269951982059375,-2.0812225035727523,-4.930009346588328,5.256257617371979
-5.893647569442115,8.496020970210246,3.5701548596504735,-6.929095952606542,-15.23884886291458
8.995998754332508,3.0729952087660934,8.128621188389602,6.296288419236122,33.530138153530054
-8.289950109220722,-5.601810401969695,7.472936051232618,6.103702654334649,-9.26953414748397
-0.20901593964148132,1.1732738330878199,12.776648957884248,-5.915713888358299,11.173635532777144
5.470973811700379,-2.021926524338941,-2.1768120322722027,10.987768519871901,15.918547505357596
8.254163489880298,8.135096360006385,13.05478807154329,0.2100384163275905,36.71152759220391
6.819529712949639,-3.1026675659345604,3.241663524884421,-1.3014305436768459,28.96323073857599
0.9699596499271819,5.951570254369136,-8.182206832334725,20.923872756854603,-11.90233860369662
-10.06017381499702,-12.14188612787732,11.581108735000678,7.916626939629358,-6.092986399041353
6.241198170521551,6.283455092642799,-0.12246772846914623,-8.972543714858315,-0.06735646893065983
0.7580455819372633,-6.771617115121117,9.751197334177512,-1.4705738150213865,18.839330539666623
-8.254971967925115,-3.213858416529934,4.129314542756243,-5.637245528039747,-17.259101912193387
-8.222203955664314,2.4368721149191233,2.4496657110872277,-5.069431753711298,-28.63129240618232
-4.710383056183228,2.320499373576363,-14.480843414973242,-14.074637743765553,-29.378096041940935
-7.18444221252436,-2.1344715171184725,3.109075655980046,14.75356216949552,-18.32021920405667
8.576596232020194,-1.599385299634271,-0.1901620790268883,-10.025293646378088,31.64433145175292
-0.1851313599238993,-2.8865863892013834,3.227185603380895,-8.27230943552323,9.99102253468388
5.193465142411723,15.327389130025777,-1.087601484568576,4.017117220989414,-6.319148494239572
6.901439917111125,-4.012204718858363,2.2409248181041677,0.1259240078179486,31.26070600434131
0.9767609854883172,-7.730097838554665,0.24510174258942713,4.979982912454497,12.30094280229602
14.511436077950417,9.592708260852069,21.531824575115564,-7.673475628880495,37.6863789353047
8.723206367206782,1.8334200573835173,21.898029332176723,-8.082982853551515,44.7419557012464
-8.39721842180776,-5.9939264544402215,-21.23895724309807,-5.25755021680761,-28.096949885246303
-7.59132661553698,1.5039378647620762,3.4175597577715946,18.761708392158862,-23.235224941971946
9.504238381860503,-5.769036556624031,-8.984146713483579,4.9191917150650575,22.544429061395192
-13.202332070206422,18.314587658543537,11.79440120721287,-4.691756521047048,-49.92590566692179
-17.131345290908776,13.538723741654128,-1.145398452526179,12.378163119734618,-66.9051491340995
