Col_1,Col_2,Col_3,Col_4,Col_5,Col_6,Col_7,Col_8,Col_9,Col_10
77.2,23.4,51.6,88.1,12.9,45.3,67.8,91.2,34.5,56.7
14.8,89.1,33.4,56.2,78.9,11.5,44.2,83.1,22.6,95.4
62.1,41.7,85,29.3,66.4,73.1,18.9,50.5,87.3,10.2
39.5,72.3,11.8,94.6,53.2,81,27.4,68.9,49.1,36.8
88.4,19.2,67.5,43.1,90.7,25.6,58.3,12.4,76.9,82
21.9,55.6,92.3,77.8,34.1,69.4,85.2,39.7,14,61.3
50.3,83.8,44.1,12.5,57.9,98.2,31.6,74.3,63.8,29.5
96.7,36.4,78.2,65.9,22.1,47.5,93,58.1,41.2,73.6
42.6,68.1,25.9,81.4,89.3,13.7,70.4,26.5,95.8,50.1
73.5,91,59.4,37.2,46.8,82.3,52.1,69,11.4,88.2
11.2,24.7,83.9,50.6,71.4,36.9,64.5,87.8,53.1,19.6
65.4,79.3,16.2,93.8,38.5,61.2,29.1,42.7,80.6,75.3
84.1,52.8,70.6,21.9,95.2,87.4,48.3,13.9,62.5,34.1
33.7,15.4,48.1,67.3,18,54.6,91.8,76.2,29.4,91.7
92.9,63.2,35.8,44.5,82.7,23.1,77.4,51,88.3,46.2
57,88.6,91.4,79.1,61.3,40.8,15.6,98.4,37.1,68.5
19.3,47.9,22.5,13.2,74.6,95.7,82.9,33.3,70.2,24.9
81.6,31.5,64.3,86.7,49,18.4,60.1,55.9,45.7,83.4
46.8,74.1,87.2,52.4,33.9,76.5,38.2,21.1,92,59
68.5,95.3,13.9,31,88.6,52.1,74.7,66.8,17.4,41.2
25.4,NaN,54.8,71.2,NaN,39.1,NaN,84.5,60.2,NaN
NaN,44.9,NaN,19.3,82.4,NaN,53.6,11.8,NaN,77.1
61.3,88,NaN,NaN,41.7,90.3,22.5,NaN,73.4,NaN
NaN,NaN,31.6,64.8,15.2,NaN,79.1,48.3,NaN,55.9
79.2,13.5,88.1,NaN,NaN,62.7,NaN,NaN,39.4,21.8
43,NaN,27.4,95.1,68.3,NaN,14.9,82,NaN,NaN
NaN,76.4,NaN,38,NaN,51.6,88.2,NaN,65.1,93.4
87.5,29.1,62.9,NaN,50.4,73.8,NaN,16.7,81.3,NaN
NaN,NaN,94.2,11.7,NaN,NaN,43,59.4,22.8,70.6
52.1,81.6,NaN,87.3,36.9,19.5,NaN,NaN,94.7,NaN
NaN,50.2,18.5,NaN,79.1,NaN,61.4,33.2,NaN,48.5
36.4,NaN,NaN,45.9,NaN,88,27.3,NaN,76.1,12.3
NaN,93.7,75.1,NaN,22.8,41.2,NaN,91.6,NaN,NaN
90.8,NaN,NaN,62.4,84.3,NaN,58.9,24.5,89,67.2
NaN,14.1,49.6,NaN,NaN,67.4,11.2,NaN,35.6,NaN
68.2,NaN,NaN,83.1,57,29.3,NaN,70.8,NaN,54.1
NaN,62.5,38.7,NaN,13.9,NaN,85.4,NaN,42.1,89.6
41.9,NaN,NaN,26.8,NaN,94.1,NaN,53.4,78.3,NaN
NaN,85.3,71.4,NaN,90.2,NaN,32.7,NaN,NaN,23.5
73.1,NaN,NaN,59.2,NaN,52.8,69.1,18.4,61,NaN
NaN,22.4,84.6,NaN,47.5,NaN,NaN,86.2,NaN,74.3
59.4,NaN,NaN,91,NaN,36.1,78.5,NaN,13.7,NaN
NaN,71.8,13.2,NaN,63.4,NaN,NaN,49,95.2,31.9
82.6,NaN,NaN,34.7,NaN,81.5,24.9,NaN,NaN,85
NaN,43.1,56.9,NaN,28.1,NaN,NaN,73.6,50.4,NaN
29.7,NaN,NaN,78.4,NaN,64,91.3,NaN,NaN,66.1
NaN,90.5,32.4,NaN,85.7,NaN,NaN,27.1,88.4,NaN
61.2,NaN,NaN,15.6,NaN,49.3,43.8,NaN,NaN,19.4
NaN,53.9,79.1,NaN,39,NaN,NaN,65.8,31.2,NaN
14.5,NaN,NaN,82.3,NaN,12.7,56.2,NaN,NaN,47.8