Col_1,Col_2,Col_3,Col_4,Col_5,Col_6,Col_7,Col_8,Col_9,Col_10
25.4,,54.8,71.2,,39.1,,84.5,60.2,
,44.9,,19.3,82.4,,53.6,11.8,,77.1
61.3,88.0,,,41.7,90.3,22.5,,73.4,
,,31.6,64.8,15.2,,79.1,48.3,,55.9
79.2,13.5,88.1,,,62.7,,,39.4,21.8
43.0,,27.4,95.1,68.3,,14.9,82.0,,
,76.4,,38.0,,51.6,88.2,,65.1,93.4
87.5,29.1,62.9,,50.4,73.8,,16.7,81.3,
,,94.2,11.7,,,43.0,59.4,22.8,70.6
52.1,81.6,,87.3,36.9,19.5,,,94.7,
,50.2,18.5,,79.1,,61.4,33.2,,48.5
36.4,,,45.9,,88.0,27.3,,76.1,12.3
,93.7,75.1,,22.8,41.2,,91.6,,
90.8,,,62.4,84.3,,58.9,24.5,89.0,67.2
,14.1,49.6,,,67.4,11.2,,35.6,
68.2,,,83.1,57.0,29.3,,70.8,,54.1
,62.5,38.7,,13.9,,85.4,,42.1,89.6
41.9,,,26.8,,94.1,,53.4,78.3,
,85.3,71.4,,90.2,,32.7,,,23.5
73.1,,,59.2,,52.8,69.1,18.4,61.0,
,22.4,84.6,,47.5,,,86.2,,74.3
59.4,,,91.0,,36.1,78.5,,13.7,
,71.8,13.2,,63.4,,,49.0,95.2,31.9
82.6,,,34.7,,81.5,24.9,,,85.0
,43.1,56.9,,28.1,,,73.6,50.4,
29.7,,,78.4,,64.0,91.3,,,66.1
,90.5,32.4,,85.7,,,27.1,88.4,
61.2,,,15.6,,49.3,43.8,,,19.4
,53.9,79.1,,39.0,,,65.8,31.2,
14.5,,,82.3,,12.7,56.2,,,47.8
