Age,Experience,Education,Department,Salary
25,2,Bachelor,IT,35000
30,5,Master,HR,50000
28,3,Bachelor,IT,
35,8,Master,Finance,70000
40,12,PhD,Management,90000
,2,Bachelor,IT,
,6,Master,Finance,60000
45,15,PhD,Management,110000
29,4,Bachelor,HR,
38,10,Master,Finance,80000
26,1,Bachelor,IT,32000
31,,Master,HR,
36,,Master,Finance,75000
42,,PhD,Management,
24,,Bachelor,IT,30000
33,,Master,Finance,65000
39,,Master,Management,
28,,Bachelor,HR,42000
41,13,PhD,Management,95000
27,2,Bachelor,IT,
34,8,Master,Finance,70000
30,4,Bachelor,,48000
37,10,Master,,
44,16,PhD,,115000
26,2,Bachelor,IT,34000
32,6,Master,HR,
35,9,Master,Finance,76000
43,15,PhD,Management,108000
29,4,Bachelor,IT,
38,12,Master,Finance,85000
