Target_Column,Algorithm,MAE,RMSE,R2
Col_1,AdaBoost,36.4125,38.72070666968773,-1.1477151861335435
Col_1,KNN,33.92,36.593455699072756,-0.9182136909771341
Col_1,RandomForest,26.413000000000025,30.311493721441725,-0.31614826454420264
Col_1,DecisionTree,57.75,62.617928742493554,-4.616781563915699
Col_1,XGBoost,36.48108196258545,41.4851784431727,-1.4653356928205716
Col_1,LightGBM,22.22187516093254,26.469369846833246,-0.0036385697902414638
Col_2,AdaBoost,25.549999999999997,29.28668105982649,0.0978338184906744
Col_2,KNN,29.17,31.21654048737624,-0.02498089610796006
Col_2,RandomForest,27.526749999999986,30.72503188566287,0.007041924036719216
Col_2,DecisionTree,37.14999999999999,45.950680082018366,-1.2209056796278617
Col_2,XGBoost,20.535101604461666,28.032292951067898,0.1734607647399835
Col_2,LightGBM,30.699999999999996,30.839625468800087,-0.000378658394918574
Col_3,AdaBoost,21.150000000000002,33.32041416309227,-1.4915179829980962
Col_3,KNN,24.650000000000006,33.44360925498324,-1.5099757496363853
Col_3,RandomForest,17.881625000000007,23.625392561553358,-0.2525679969536285
Col_3,DecisionTree,25.200000000000003,28.125699991289107,-0.7752107705837057
Col_3,XGBoost,23.65254859924317,27.639014343537085,-0.7143060065045364
Col_3,LightGBM,17.675,22.41065605563723,-0.1270738798064337
Col_4,AdaBoost,26.647916666666667,30.203432073653115,-4.585921470975568
Col_4,KNN,27.274999999999995,28.891491827179845,-4.111191699929965
Col_4,RandomForest,22.03687499999999,24.569172578406036,-2.6962666749585678
Col_4,DecisionTree,20.4,21.967817369961903,-1.9549902602000007
Col_4,XGBoost,25.527709770202634,25.944309810771312,-3.121606047063538
Col_4,LightGBM,26.493749463558196,29.414803001852487,-4.298026464014269
Col_5,AdaBoost,21.44166666666667,24.288343111688604,-0.008758070604871326
Col_5,KNN,24.505000000000003,26.289467472735165,-0.18182948712330993
Col_5,RandomForest,21.840499999999984,25.090422318586025,-0.07648302619583713
Col_5,DecisionTree,25.474999999999998,29.57790560536699,-0.49598101066279887
Col_5,XGBoost,34.1349365234375,39.78377025954826,-1.7064693936976796
Col_5,LightGBM,19.575000000000003,26.050902597965855,-0.1604776851454246
Col_6,AdaBoost,27.811111111111117,31.177929238564555,-3.7213894727879095
Col_6,KNN,40.00000000000001,42.73451298423793,-7.870187726157811
Col_6,RandomForest,30.28387500000004,33.90168675836797,-4.582360857092564
Col_6,DecisionTree,38.625,45.58001206669432,-9.090766690142559
Col_6,XGBoost,21.49878215789795,26.98110301611503,-2.535857007388647
Col_6,LightGBM,32.14374989271164,35.20093261783273,-5.018435812056245
Col_7,AdaBoost,22.465000000000003,24.677775173220137,-0.5243607196997553
Col_7,KNN,20.059999999999995,26.70240813110308,-0.7847467581127356
Col_7,RandomForest,23.587499999999963,28.180437862549258,-0.9877932717052738
Col_7,DecisionTree,26.95,31.292251437057068,-1.451034165557226
Col_7,XGBoost,27.112857055664062,31.664169495560703,-1.5096429938623634
Col_7,LightGBM,17.025,23.345465943082615,-0.36420876386577916
Col_8,AdaBoost,18.962500000000002,20.918905922633723,-0.6896918710723705
Col_8,KNN,30.085,33.67727572117436,-3.379287789715521
Col_8,RandomForest,21.354124999999986,24.769582549722124,-1.3690103373297378
Col_8,DecisionTree,27.025,32.71692986818904,-3.1330881430212463
Col_8,XGBoost,23.112014007568362,30.29630714810435,-2.5441245134797863
Col_8,LightGBM,32.637499594688414,36.38940614785142,-4.113043853516305
Col_9,AdaBoost,16.6,19.802114786052524,-4.747350292681586
Col_9,KNN,22.254999999999995,24.5462644815866,-7.83111090754193
Col_9,RandomForest,11.539124999999995,12.575725389117713,-1.3179849445324856
Col_9,DecisionTree,22.075000000000003,24.482800084957606,-7.785504245944139
Col_9,XGBoost,12.050977897644042,17.170516211337677,-3.3212682240511517
Col_9,LightGBM,23.337500119209288,24.756126248144994,-7.982762097986951
Col_10,AdaBoost,29.5375,35.84833503804605,-4.978197032074988
Col_10,KNN,25.185000000000002,30.65157581593482,-3.370567766845765
Col_10,RandomForest,29.799125000000004,32.55997134231694,-3.9317411383829928
Col_10,DecisionTree,31.150000000000002,35.26166473665133,-4.784127648686995
Col_10,XGBoost,33.602464580535894,37.484664665443056,-5.536413300214987
Col_10,LightGBM,24.51875048875809,28.568061284062928,-2.796590726536761
